{
	"id": "0f33c712fc8374a01ef2dca2d7249b35",
	"_format": "hh-sol-build-info-1",
	"solcVersion": "0.7.6",
	"solcLongVersion": "0.7.6+commit.7338295f",
	"input": {
		"language": "Solidity",
		"sources": {
			"contracts/INI.sol": {
				"content": ""
			}
		},
		"settings": {
			"optimizer": {
				"enabled": true,
				"runs": 200
			},
			"outputSelection": {
				"*": {
					"": [
						"ast"
					],
					"*": [
						"abi",
						"metadata",
						"devdoc",
						"userdoc",
						"storageLayout",
						"evm.legacyAssembly",
						"evm.bytecode",
						"evm.deployedBytecode",
						"evm.methodIdentifiers",
						"evm.gasEstimates",
						"evm.assembly"
					]
				}
			},
			"remappings": []
		}
	},
	"output": {
		"errors": [
			{
				"component": "general",
				"errorCode": "1878",
				"formattedMessage": "contracts/INI.sol: Warning: SPDX license identifier not provided in source file. Before publishing, consider adding a comment containing \"SPDX-License-Identifier: <SPDX-License>\" to each source file. Use \"SPDX-License-Identifier: UNLICENSED\" for non-open-source code. Please see https://spdx.org for more information.\n",
				"message": "SPDX license identifier not provided in source file. Before publishing, consider adding a comment containing \"SPDX-License-Identifier: <SPDX-License>\" to each source file. Use \"SPDX-License-Identifier: UNLICENSED\" for non-open-source code. Please see https://spdx.org for more information.",
				"severity": "warning",
				"sourceLocation": {
					"end": -1,
					"file": "contracts/INI.sol",
					"start": -1
				},
				"type": "Warning"
			},
			{
				"component": "general",
				"errorCode": "3420",
				"formattedMessage": "contracts/INI.sol: Warning: Source file does not specify required compiler version! Consider adding \"pragma solidity ^0.7.6;\"\n",
				"message": "Source file does not specify required compiler version! Consider adding \"pragma solidity ^0.7.6;\"",
				"severity": "warning",
				"sourceLocation": {
					"end": -1,
					"file": "contracts/INI.sol",
					"start": -1
				},
				"type": "Warning"
			}
		],
		"sources": {
			"contracts/INI.sol": {
				"ast": {
					"absolutePath": "contracts/INI.sol",
					"exportedSymbols": {},
					"id": 1,
					"nodeType": "SourceUnit",
					"nodes": [],
					"src": "0:0:0"
				},
				"id": 0
			}
		}
	}
}